Make,Model,12-Jan,12-Feb,12-Mar,12-Apr,12-May,12-Jun,12-Jul,12-Aug,12-Sep,12-Oct,12-Nov,12-Dec,13-Jan,13-Feb,13-Mar,13-Apr,13-May,13-Jun,13-Jul,13-Aug,13-Sep,13-Oct,13-Nov,13-Dec,14-Jan,14-Feb,14-Mar,14-Apr,14-May,14-Jun,14-Jul,14-Aug,14-Sep,14-Oct,14-Nov,14-Dec,15-Jan,15-Feb,15-Mar,15-Apr,15-May,15-Jun,15-Jul,15-Aug,15-Sep,15-Oct,15-Nov,15-Dec,16-Jan,16-Feb,16-Mar,16-Apr,16-May,16-Jun,16-Jul,16-Aug,16-Sep,16-Oct,16-Nov,16-Dec,17-Jan,17-Feb,17-Mar,17-Apr,17-May,17-Jun,17-Jul,17-Aug,17-Sep,17-Oct,17-Nov,17-Dec,18-Jan,18-Feb,18-Mar,18-Apr,18-May,18-Jun,18-Jul,18-Aug,18-Sep,18-Oct,18-Nov,18-Dec,19-Jan,19-Feb,19-Mar,19-Apr,19-May,19-Jun,19-Jul,19-Aug,19-Sep,19-Oct,19-Nov,19-Dec,,Total Sales
Chevrolet,Volt,603,"1,626","3,915","5,377","7,057","8,817","10,666","13,497","16,348","19,309","20,828","23,461","24,601","26,227","27,705","29,011","30,618","33,316","35,104","38,455","40,221","42,243","44,163","46,555","47,473","48,683","50,161","51,709","53,393","55,170","57,190","59,701","61,095","62,534","63,870","65,360","65,902","66,595","67,234","68,139","69,757","70,982","72,295","73,675","74,624","76,659","78,639","80,753","81,749","82,875","84,740","86,723","88,624","90,561","92,967","95,048","97,079","99,270","101,801","105,492","107,103","108,923","111,055","112,862","114,679","116,424","117,942","119,387","120,840","122,202","123,904","125,841","126,554","127,537","129,319","130,644","132,319","133,655","135,130","136,955","139,084","140,559","143,089","144,147","144,822","145,437","146,667","147,072","14,748","147,813","148,063","148,337","148,687","148,757","148,907","149,057",,"7,856,766"
Nissan,Leaf,676,"1,154","1,733","2,103","2,613","3,148","3,543","4,228","5,212","6,791","8,330","9,819","10,469","11,122","13,358","15,295","17,433","19,658","21,522","23,942","25,895","27,897","29,900","32,429","33,681","35,106","37,613","39,701","42,818","45,165","48,184","51,370","54,251","56,840","59,527","62,629","63,699","64,897","66,714","68,267","70,371","72,445","73,619","75,012","76,259","77,497","78,551","79,898","80,653","81,583","82,829","83,616","84,595","85,691","86,754","87,820","89,136","90,548","92,005","93,904","94,676","95,713","97,191","98,254","99,646","101,152","102,435","103,589","104,644","104,857","105,032","105,134","105,284","106,179","107,679","108,850","110,426","111,793","112,942","114,257","115,820","117,054","118,182","119,849","120,566","121,220","122,534","123,485","124,701","125,857","126,795","127,912","12,896","129,847","130,987","132,214",,"6,731,170"
Tesla,Model S, -   , -   , -   , -   , -   ,12,31,74,160,460,860,"2,650","3,850","5,250","7,550","9,650","11,350","12,700","14,000","15,300","16,800","17,600","18,800","20,300","21,100","22,189","23,489","24,589","25,589","27,089","27,889","28,489","30,989","32,289","33,489","36,989","38,089","39,239","41,689","43,389","45,789","48,589","50,189","51,489","53,989","55,889","58,591","62,191","63,041","64,591","68,581","69,381","70,581","74,281","76,235","79,087","83,437","84,137","85,237","91,087","91,987","93,737","97,187","98,312","99,932","102,282","103,707","105,857","110,717","111,837","113,172","118,147","118,947","120,072","123,447","124,697","126,217","128,967","130,167","132,792","136,542","137,892","140,642","143,892","144,617","145,242","147,517","148,342","149,367","151,117","152,092","153,142","154,242","154,992","156,492","157,992",,"6,616,676"
Tesla,Model 3, -   , -   , -   , -   , -   , -   , -   , -   , -   , -   , -   , -   , -   , -   , -   , -   , -   , -   , -   , -   , -   , -   , -   , -   , -   , -   , -   , -   , -   , -   , -   , -   , -   , -   , -   , -   , -   , -   , -   , -   , -   , -   , -   , -   , -   , -   , -   , -   , -   , -   , -   , -   , -   , -   , -   , -   , -   , -   , -   , -   , -   , -   , -   , -   , -   , -   ,30,105,222,367,704,"1,764","3,639","6,124","9,944","13,694","19,694","25,596","39,846","57,646","79,896","97,646","116,296","141,546","148,046","153,796","163,971","174,021","187,971","209,196","221,746","234,096","253,196","270,471","285,471","300,471",,"3,217,211"
Toyota,Prius PHV, -   ,21,912,"2,566","3,652","4,347","5,035","6,082","7,734","9,623","11,389","12,750","13,624","14,317","15,103","15,702","16,380","16,964","17,781","19,572","20,724","22,819","23,919","24,838","25,641","26,682","28,134","29,875","32,567","34,138","35,509","36,327","36,680","37,159","37,610","38,102","38,503","38,900","39,373","39,801","40,528","40,992","41,576","41,920","42,136","42,227","42,271","42,293","42,303","42,309","42,316","42,320","42,324","42,335","42,339","42,341","42,345","42,345","42,345","42,345","42,345","42,345","42,345","42,345","42,345","42,345","42,345","42,345","42,345","42,345","42,345","42,345","42,345","42,345","42,345","42,345","42,345","42,345","42,345","42,345","42,345","42,345","42,345","42,345","42,345","42,345","42,345","42,345","42,345","42,345","42,345","42,345","42,345","42,345","42,345","42,345",,"3,207,185"
Ford,Fusion Energi, -   , -   , -   , -   , -   , -   , -   , -   , -   , -   , -   , -   , -   ,119,414,778,"1,194","1,584","1,991","2,591","3,341","4,428","5,298","6,089","6,622","7,401","8,300","9,043","10,385","12,324","13,550","14,772","15,412","16,098","16,850","17,639","18,065","18,668","19,505","20,216","21,202","21,929","22,781","23,730","24,538","25,387","26,331","27,389","27,970","28,902","30,140","31,471","32,924","34,624","35,965","37,387","39,039","40,411","42,228","43,327","43,933","44,770","45,772","46,677","47,677","48,384","49,087","49,849","50,612","51,353","52,084","52,959","53,599","54,393","55,175","55,917","56,657","57,261","57,783","58,179","58,659","59,112","60,243","61,033","61,590","62,163","62,774","63,359","63,964","64,639","65,359","65,979","66,679","67,279","67,879","68,557",,"2,921,741"
Ford,C-Max Energi, -   , -   , -   , -   , -   , -   , -   , -   , -   ,144,"1,403","2,374","2,712","3,046","3,540","3,951","4,401","4,856","5,289","5,910","6,668","7,760","8,701","9,528","9,999","10,551","11,161","11,686","12,468","13,456","14,287","15,337","16,014","16,658","17,302","17,961","18,356","18,854","19,569","20,122","20,837","21,504","22,197","22,920","23,639","24,334","24,973","25,552","25,902","26,392","27,002","27,609","28,147","28,777","29,532","30,239","30,928","31,499","32,220","33,509","33,982","34,621","35,283","36,003","36,953","37,889","38,733","39,438","40,121","40,690","41,213","41,649","41,883","42,025","42,130","42,187","42,205","42,211","42,215","42,219","42,231","42,231","42,231","42,231","42,231","42,231","42,231","42,231","42,231","42,231","42,231","42,231","42,231","42,231","42,231","42,231",,"2,321,122"
Tesla,Model X, -   , -   , -   , -   , -   , -   , -   , -   , -   , -   , -   , -   , -   , -   , -   , -   , -   , -   , -   , -   , -   , -   , -   , -   , -   , -   , -   , -   , -   , -   , -   , -   , -   , -   , -   , -   , -   , -   , -   , -   , -   , -   , -   , -   ,6,10,15,214,484,754,"2,614","3,409","5,009","7,154","7,904","9,737","12,937","13,662","14,562","18,437","19,187","19,987","22,737","23,452","25,182","27,382","29,032","30,607","33,727","34,577","36,452","39,752","40,452","41,427","44,252","45,277","46,727","49,277","50,602","53,352","57,327","58,552","61,752","65,852","66,627","67,527","69,702","70,752","72,127","74,852","76,077","77,902","79,577","81,077","83,077","85,077",,"1,958,205"
BMW,i3, -   , -   , -   , -   , -   , -   , -   , -   , -   , -   , -   , -   , -   , -   , -   , -   , -   , -   , -   , -   , -   , -   , -   , -   , -   , -   , -   , -   ,336,694,"1,057","2,082","3,104","4,263","5,079","6,092","6,762","7,851","8,773","9,179","9,997","10,548","11,483","12,275","13,985","14,971","15,694","17,116","17,298","17,546","17,878","18,692","19,388","19,996","21,475","22,488","22,879","23,321","23,950","24,741","25,123","25,441","26,144","26,660","27,166","27,733","28,334","28,838","29,376","30,062","30,345","31,017","31,399","32,022","33,014","33,517","33,941","34,521","34,985","35,403","35,864","36,288","36,778","37,134","37,389","37,739","38,098","38,429","38,868","39,341","39,645",403,"40,497","40,856","41,774","41,988",,"1,597,125"
Toyota,Prius Prime, -   , -   , -   , -   , -   , -   , -   , -   , -   , -   , -   , -   , -   , -   , -   , -   , -   , -   , -   , -   , -   , -   , -   , -   , -   , -   , -   , -   , -   , -   , -   , -   , -   , -   , -   , -   , -   , -   , -   , -   , -   , -   , -   , -   , -   , -   , -   , -   , -   , -   , -   , -   , -   , -   , -   , -   , -   , -   ,781,"2,422","3,788","5,150","6,768","8,587","10,495","12,114","13,759","15,579","17,478","19,104","20,938","23,358","24,854","26,904","29,826","32,452","35,376","37,613","39,597","41,668","43,881","45,882","48,194","50,953","52,076","53,281","55,101","56,500","58,414","59,558","62,508","65,008","66,658","68,976","71,766","74,583",,"1,361,950"
Fiat,500e, -   , -   , -   , -   , -   , -   , -   , -   , -   , -   , -   , -   , -   , -   , -   , -   , -   , -   ,200,560,"1,010","1,410","1,840","2,310","2,620","2,956","3,600","4,042","4,518","5,154","5,682","6,217","6,735","6,952","7,163","7,442","7,701","8,016","9,326","10,043","10,463","10,826","11,311","11,921","12,556","12,981","13,371","13,636","13,941","14,151","14,606","15,001","15,426","15,706","15,931","16,291","16,981","17,726","18,316","18,966","19,718","20,308","21,093","21,634","22,107","22,466","22,861","23,151","23,436","23,746","23,961","24,346","24,556","24,791","25,076","25,291","25,541","25,766","25,986","26,061","26,155","26,255","26,403","26,596","26,668","26,755","26,788","26,808","26,868","26,893","26,933","26,978","27,018","2,768","27,118","27,211",,"1,271,714"
Chevrolet,Bolt EV, -   , -   , -   , -   , -   , -   , -   , -   , -   , -   , -   , -   , -   , -   , -   , -   , -   , -   , -   , -   , -   , -   , -   , -   , -   , -   , -   , -   , -   , -   , -   , -   , -   , -   , -   , -   , -   , -   , -   , -   , -   , -   , -   , -   , -   , -   , -   , -   , -   , -   , -   , -   , -   , -   , -   , -   , -   , -   , -   ,579,"1,741","2,693","3,671","4,963","6,529","8,171","10,142","12,249","14,881","17,662","20,649","23,876","25,053","26,477","28,251","29,526","30,651","31,734","32,909","34,134","35,683","37,658","40,483","41,895","42,820","44,045","46,211","47,121","48,517","50,176","51,161","52,881","55,006","56,313","57,313","58,313",,"1,132,137"
VW,e-Golf, -   , -   , -   , -   , -   , -   , -   , -   , -   , -   , -   , -   , -   , -   , -   , -   , -   , -   , -   , -   , -   , -   , -   , -   , -   , -   , -   , -   , -   , -   , -   , -   , -   ,1,120,357,538,668,863,"1,172","1,582","1,875","2,188","2,569","2,912","3,508","3,980","4,589","4,917","5,115","5,201","5,527","5,796","6,044","6,388","6,842","7,371","7,778","8,083","8,526","8,858","9,151","9,493","9,800","10,181","10,413","10,721","11,038","11,225","11,428","11,717","12,060","12,238","12,436","12,600","12,728","12,804","12,836","12,854","12,886","12,900","12,962","13,192","13,414","13,578","13,696","14,277","14,677","14,941","15,307","15,767","16,456",171,"17,647","18,013","18,277",,"557,252"
BMW,X5 xDrive40e, -   , -   , -   , -   , -   , -   , -   , -   , -   , -   , -   , -   , -   , -   , -   , -   , -   , -   , -   , -   , -   , -   , -   , -   , -   , -   , -   , -   , -   , -   , -   , -   , -   , -   , -   , -   , -   , -   , -   , -   , -   , -   , -   , -   , -   ,118,285,892,"1,073","1,418","1,731","2,386","2,886","3,469","4,118","4,994","5,476","5,882","6,318","6,887","7,149","7,424","7,821","8,112","8,545","9,033","9,496","9,813","10,146","10,475","11,404","12,236","12,497","13,093","13,720","14,283","14,782","15,103","15,534","15,798","16,023","16,247","16,460","16,670","16,741","16,779","16,805","16,814","16,818","16,826","1,683","16,832","16,833","16,835","16,836","16,837",,"526,436"
Ford,Focus Electric,2,2,2,2,8,97,135,169,228,346,518,680,761,919,"1,099","1,246","1,403","1,580","1,730","1,905","2,015","2,130","2,260","2,418","2,518","2,647","2,824","2,940","3,117","3,314","3,512","3,776","3,952","4,138","4,329","4,382","4,467","4,612","4,752","4,876","5,041","5,193","5,328","5,504","5,649","5,775","5,868","5,964","6,030","6,111","6,221","6,302","6,356","6,410","6,468","6,543","6,625","6,698","6,764","6,865","6,921","7,149","7,556","7,681","7,813","7,923","8,071","8,202","8,333","8,448","8,569","8,682","8,752","8,825","8,962","9,045","9,133","9,183","9,229","9,236","9,240","9,240","9,241","9,242","9,242","9,242","9,242","9,242","9,242","9,242","9,242","9,242","9,242","9,242","9,242","9,242",,"519,106"
Honda,Clarity PHEV, -   , -   , -   , -   , -   , -   , -   , -   , -   , -   , -   , -   , -   , -   , -   , -   , -   , -   , -   , -   , -   , -   , -   , -   , -   , -   , -   , -   , -   , -   , -   , -   , -   , -   , -   , -   , -   , -   , -   , -   , -   , -   , -   , -   , -   , -   , -   , -   , -   , -   , -   , -   , -   , -   , -   , -   , -   , -   , -   , -   , -   , -   , -   , -   , -   , -   , -   , -   , -   , -   ,5,903,"1,507","2,418","3,549","4,678","6,317","7,812","9,354","10,816","12,813","14,838","16,735","19,505","20,697","21,910","23,221","24,202","25,018","26,048","26,848","27,688","28,088","28,683","29,478","30,233",,"423,364"
Chevrolet,Spark EV, -   , -   , -   , -   , -   , -   , -   , -   , -   , -   , -   , -   , -   , -   , -   , -   , -   ,27,130,232,310,376,463,539,632,703,811,908,"1,090","1,175","1,303","1,383","1,434","1,492","1,553","1,684","1,770","1,889","2,040","2,960","3,243","3,469","3,526","3,661","3,818","3,995","4,161","4,313","4,452","4,668","4,920","5,339","5,733","6,092","6,425","6,717","7,032","7,292","7,331","7,348","7,352","7,356","7,359","7,360","7,360","7,361","7,362","7,362","7,362","7,362","7,369","7,369","7,369","7,369","7,369","7,369","7,369","7,369","7,369","7,369","7,369","7,369","7,369","7,369","7,369","7,369","7,369","7,369","7,369","7,369","7,369","7,369","7,369","7,369","7,369","7,369",,"393,629"
Smart,ED, -   , -   , -   , -   , -   , -   , -   , -   , -   , -   , -   , -   ,2,2,2,2,62,115,173,355,492,603,756,923,"1,020","1,142","1,328","1,531","1,737","2,015","2,313","2,521","2,703","2,853","3,166","3,517","3,664","3,740","3,843","3,967","4,069","4,163","4,272","4,378","4,472","4,547","4,725","4,904","4,952","5,006","5,076","5,142","5,217","5,270","5,332","5,387","5,431","5,474","5,521","5,561","5,576","5,598","5,611","5,614","5,615","5,618","5,618","5,712","5,835","5,908","5,976","6,105","6,189","6,279","6,382","6,462","6,572","6,698","6,801","6,909","7,007","7,102","7,202","7,324","7,407","7,465","7,555","7,640","7,746",782,"7,876",795,"8,004","8,004","8,004","8,004",,"372,441"
Audi,A3 Sprtbk e-tron, -   , -   , -   , -   , -   , -   , -   , -   , -   , -   , -   , -   , -   , -   , -   , -   , -   , -   , -   , -   , -   , -   , -   , -   , -   , -   , -   , -   , -   , -   , -   , -   , -   , -   , -   , -   , -   , -   , -   , -   , -   , -   , -   , -   , -   , -   , -   ,49,376,619,951,"1,277","1,638","1,991","2,340","2,686","2,998","3,346","3,740","4,329","4,716","5,116","5,530","5,831","6,125","6,449","6,667","6,796","6,881","6,898","6,936","7,206","7,351","7,550","7,764","7,953","8,220","8,458","8,678","8,918","9,148","9,358","9,538","9,803","9,978","10,188","10,233","10,240","10,240","10,240","10,240","10,240","10,240","10,240","10,240","10,240",,"326,789"
BMW,530e, -   , -   , -   , -   , -   , -   , -   , -   , -   , -   , -   , -   , -   , -   , -   , -   , -   , -   , -   , -   , -   , -   , -   , -   , -   , -   , -   , -   , -   , -   , -   , -   , -   , -   , -   , -   , -   , -   , -   , -   , -   , -   , -   , -   , -   , -   , -   , -   , -   , -   , -   , -   , -   , -   , -   , -   , -   , -   , -   , -   , -   , -   , -   ,13,160,399,742,"1,087","1,598","2,194","3,066","3,772","3,996","4,409","5,098","5,616","6,345","7,287","7,823","8,572","9,328","10,061","11,073","12,436","12,812","13,226","13,662","14,078","14,805","15,713","16,157","16,763","17,073","17,378","17,799","18,298",,"292,839"
BMW,i8, -   , -   , -   , -   , -   , -   , -   , -   , -   , -   , -   , -   , -   , -   , -   , -   , -   , -   , -   , -   , -   , -   , -   , -   , -   , -   , -   , -   , -   , -   , -   ,9,67,271,397,555,640,753,896,"1,034","1,151","1,288","1,505","1,715","1,897","2,046","2,164","2,820","2,852","2,906","2,995","3,125","3,271","3,440","3,606","3,751","3,909","4,108","4,281","4,414","4,464","4,522","4,571","4,594","4,612","4,634","4,689","4,718","4,745","4,778","4,822","4,902","4,934","4,973","5,020","5,077","5,141","5,186","5,258","5,325","5,380","5,444","5,577","5,674","5,697","5,744","5,835","5,922","6,067","6,347","6,448","6,538","6,606",667,"6,725","6,776",,"250,278"
Chrysler,Pacifica Hybrid, -   , -   , -   , -   , -   , -   , -   , -   , -   , -   , -   , -   , -   , -   , -   , -   , -   , -   , -   , -   , -   , -   , -   , -   , -   , -   , -   , -   , -   , -   , -   , -   , -   , -   , -   , -   , -   , -   , -   , -   , -   , -   , -   , -   , -   , -   , -   , -   , -   , -   , -   , -   , -   , -   , -   , -   , -   , -   , -   , -   ,12,12,12,347,"1,052","1,407","1,532","1,957","2,432","3,307","3,877","4,597","4,972","5,422","5,902","6,327","6,977","7,687","8,137","8,791","9,428","10,051","10,946","11,659","12,095","12,684","13,067","13,414","13,804","14,195","1,458","14,975","1,539","1,599","1,659","17,382",,"234,714"
Kia,Soul EV, -   , -   , -   , -   , -   , -   , -   , -   , -   , -   , -   , -   , -   , -   , -   , -   , -   , -   , -   , -   , -   , -   , -   , -   , -   , -   , -   , -   , -   , -   , -   , -   , -   ,109,249,359,428,476,539,612,720,829,888,981,"1,086","1,195","1,278","1,374","1,455","1,515","1,594","1,733","1,853","1,987","2,166","2,319","2,536","2,726","2,905","3,102","3,219","3,371","3,542","3,709","3,838","3,938","4,083","4,383","4,638","4,848","5,055","5,259","5,374","5,537","5,694","5,846","5,979","6,036","6,166","6,199","6,217","6,278","6,339","6,393","6,393","6,394","6,396","6,396","6,397","6,397","6,398","6,406","6,471","6,476","6,479",648,,"230,206"
Hyundai,Sonata PHEV, -   , -   , -   , -   , -   , -   , -   , -   , -   , -   , -   , -   , -   , -   , -   , -   , -   , -   , -   , -   , -   , -   , -   , -   , -   , -   , -   , -   , -   , -   , -   , -   , -   , -   , -   , -   , -   , -   , -   , -   , -   , -   , -   , -   , -   , -   ,15,160,335,535,810,"1,060","1,295","1,520","1,895","2,130","2,390","2,645","2,930","3,255","3,445","3,620","3,915","4,195","4,415","4,670","4,875","5,060","5,250","5,460","5,595","5,790","5,842","5,896","5,974","6,012","6,079","6,141","6,201","6,221","6,236","6,241","6,246","6,250","6,254","6,325","6,332","6,378","6,418","6,448","6,483","6,523","6,568","6,614","6,659","6,713",,"228,319"
Mercedes,B-Class ED, -   , -   , -   , -   , -   , -   , -   , -   , -   , -   , -   , -   , -   , -   , -   , -   , -   , -   , -   , -   , -   , -   , -   , -   , -   , -   , -   , -   , -   , -   ,41,92,157,255,448,774,"1,014","1,123","1,268","1,426","1,704","1,946","2,142","2,314","2,461","2,542","2,583","2,680","2,738","2,775","2,841","2,897","2,946","2,990","3,040","3,097","3,148","3,206","3,258","3,312","3,365","3,421","3,471","3,537","3,583","3,629","3,710","3,768","3,855","3,914","3,945","4,056","4,096","4,145","4,178","4,185","4,188","4,188","4,188","4,189","4,189","4,190","4,190","4,191","4,192","4,194","4,194","4,195","4,195","4,197","4,198","4,199","4,199","4,200","4,200","4,200",,"205,952"
Porsche,Cayenne S-E, -   , -   , -   , -   , -   , -   , -   , -   , -   , -   , -   , -   , -   , -   , -   , -   , -   , -   , -   , -   , -   , -   , -   , -   , -   , -   , -   , -   , -   , -   , -   , -   , -   , -   ,45,100,166,237,309,397,502,590,667,750,820,945,"1,066","1,203","1,349","1,521","1,765","2,002","2,193","2,369","2,517","2,714","2,845","2,983","3,162","3,314","3,491","3,612","3,738","3,923","4,097","4,292","4,452","4,630","4,754","4,827","4,865","4,888","5,001","5,122","5,319","5,584","5,643","5,655","5,670","5,715","5,775","5,800","5,835","5,910","5,975","6,070","6,185","6,255",636,"6,435",653,663,"6,735","6,835",694,75,,"202,340"
BMW,330e, -   , -   , -   , -   , -   , -   , -   , -   , -   , -   , -   , -   , -   , -   , -   , -   , -   , -   , -   , -   , -   , -   , -   , -   , -   , -   , -   , -   , -   , -   , -   , -   , -   , -   , -   , -   , -   , -   , -   , -   , -   , -   , -   , -   , -   , -   , -   , -   , -   , -   ,19,44,111,137,218,269,323,415,630,870,999,"1,143","1,508","1,768","2,243","2,739","3,126","3,535","3,864","4,171","4,648","5,011","5,112","5,254","5,456","5,622","5,772","5,910","6,016","6,208","6,403","6,632","7,005","7,611","7,827","8,012","8,187","8,240","8,267","8,292","8,308","8,313","8,315",832,"8,326","8,330",,"202,041"
Volvo,XC90, -   , -   , -   , -   , -   , -   , -   , -   , -   , -   , -   , -   , -   , -   , -   , -   , -   , -   , -   , -   , -   , -   , -   , -   , -   , -   , -   , -   , -   , -   , -   , -   , -   , -   , -   , -   , -   , -   , -   , -   , -   , -   , -   ,4,4,5,12,86,312,488,666,816,926,"1,092","1,270","1,446","1,594","1,736","1,897","2,101","2,197","2,280","2,383","2,528","2,674","2,876","3,050","3,315","3,551","3,725","3,929","4,297","4,396","4,502","4,595","4,685","4,811","4,944","5,059","5,184","5,304","5,404","5,534","5,684","5,779","5,884","6,039","6,139","6,259","6,429","6,539","6,664","6,839","6,839","6,839","6,839",,"188,450"
Toyota,Rav4 EV, -   , -   , -   , -   , -   , -   , -   , -   ,61,108,140,192,217,269,402,472,556,600,709,940,"1,107","1,198","1,260","1,288","1,351","1,452","1,525","1,594","1,743","1,834","1,902","2,130","2,255","2,352","2,435","2,472","2,472","2,472","2,472","2,472","2,472","2,472","2,472","2,472","2,472","2,472","2,472","2,472","2,472","2,472","2,472","2,472","2,472","2,472","2,472","2,472","2,472","2,472","2,472","2,472","2,472","2,472","2,472","2,472","2,472","2,472","2,472","2,472","2,472","2,472","2,472","2,472","2,472","2,472","2,472","2,472","2,472","2,472","2,472","2,472","2,472","2,472","2,472","2,472","2,472","2,472","2,472","2,472","2,472","2,472","2,472","2,472","2,472","2,472","2,472","2,472",,"180,884"
Cadillac,ELR, -   , -   , -   , -   , -   , -   , -   , -   , -   , -   , -   , -   , -   , -   , -   , -   , -   , -   , -   , -   , -   , -   , -   ,6,47,105,186,247,299,396,584,780,891,"1,043","1,198","1,316","1,408","1,535","1,627","1,731","1,847","1,909","1,975","2,020","2,056","2,138","2,205","2,340","2,407","2,498","2,602","2,697","2,742","2,836","2,851","2,857","2,863","2,866","2,871","2,874","2,877","2,877","2,879","2,881","2,881","2,888","2,890","2,891","2,891","2,891","2,891","2,891","2,891","2,891","2,891","2,891","2,891","2,891","2,891","2,891","2,891","2,891","2,891","2,891","2,891","2,891","2,891","2,891","2,891","2,891","2,891","2,891","2,891","2,891","2,891","2,891",,"166,865"
Mitsubishi,i-MiEV,36,80,136,215,300,333,366,403,439,469,511,588,845,"1,182","1,213","1,340","1,431","1,470","1,516","1,546","1,566","1,594","1,606","1,617","1,618","1,621","1,645","1,657","1,692","1,714","1,731","1,751","1,766","1,783","1,801","1,813","1,816","1,818","1,828","1,844","1,862","1,885","1,897","1,903","1,906","1,915","1,919","1,928","1,930","1,935","1,936","1,942","1,944","1,948","1,968","1,993","2,010","2,014","2,019","2,022","2,023","2,026","2,028","2,028","2,028","2,028","2,028","2,028","2,028","2,028","2,028","2,028","2,028","2,028","2,028","2,028","2,028","2,028","2,028","2,028","2,028","2,028","2,028","2,028","2,028","2,028","2,028","2,028","2,028","2,028","2,028","2,028","2,028","2,028","2,028","2,028",,"160,577"
Porsche,Panamera E-Hybrid, -   , -   , -   , -   , -   , -   , -   , -   , -   , -   , -   , -   , -   , -   , -   , -   , -   , -   , -   , -   , -   ,35,39,86,227,284,340,403,456,567,630,698,780,877,934,965,"1,026","1,066","1,110","1,140","1,161","1,195","1,218","1,254","1,295","1,323","1,356","1,372","1,399","1,432","1,455","1,480","1,506","1,528","1,549","1,608","1,636","1,674","1,762","1,765","1,767","1,768","1,771","1,773","1,774","1,774","1,774","1,775","1,776","1,778","1,783","1,783","1,784","1,786","1,835","2,171","2,446","2,614","2,809","3,009","3,219","3,389","3,589","3,819","3,969","4,129","4,324","4,479","4,649","4,844","5,009","5,174","5,349","5,522","5,695","5,879",,"153,419"
Mitsubishi,Outlander PHEV, -   , -   , -   , -   , -   , -   , -   , -   , -   , -   , -   , -   , -   , -   , -   , -   , -   , -   , -   , -   , -   , -   , -   , -   , -   , -   , -   , -   , -   , -   , -   , -   , -   , -   , -   , -   , -   , -   , -   , -   , -   , -   , -   , -   , -   , -   , -   , -   , -   , -   , -   , -   , -   , -   , -   , -   , -   , -   , -   , -   , -   , -   , -   , -   , -   , -   , -   , -   , -   , -   , -   ,99,399,722,"1,095","1,368","1,665","2,055","2,405","2,771","3,149","3,458","3,834","4,265","4,398","4,555","4,896","5,059","5,291","5,513","5,726","6,003","6,179","6,434","6,806","7,075",,"95,220"
Kia,Niro PHEV, -   , -   , -   , -   , -   , -   , -   , -   , -   , -   , -   , -   , -   , -   , -   , -   , -   , -   , -   , -   , -   , -   , -   , -   , -   , -   , -   , -   , -   , -   , -   , -   , -   , -   , -   , -   , -   , -   , -   , -   , -   , -   , -   , -   , -   , -   , -   , -   , -   , -   , -   , -   , -   , -   , -   , -   , -   , -   , -   , -   , -   , -   , -   , -   , -   , -   , -   , -   , -   , -   , -   , -   ,155,401,628,748,966,"1,247","1,472","1,818","2,131","2,454","3,073","3,389","3,668","4,173","4,403","4,648","4,977","5,328","5,653","5,953","6,328","6,636","6,961","7,270",,"84,480"
Honda,Fit EV, -   , -   , -   , -   , -   , -   ,7,16,32,48,74,93,101,116,139,161,176,384,447,513,548,588,611,662,692,725,762,812,845,883,925,980,"1,009","1,032","1,037","1,069","1,069","1,069","1,069","1,069","1,069","1,069","1,069","1,069","1,069","1,069","1,069","1,069","1,069","1,069","1,069","1,069","1,069","1,069","1,069","1,069","1,069","1,069","1,069","1,069","1,069","1,069","1,069","1,069","1,069","1,069","1,069","1,069","1,069","1,069","1,069","1,069","1,069","1,069","1,069","1,069","1,069","1,069","1,069","1,069","1,069","1,069","1,069","1,069","1,069","1,069","1,069","1,069","1,069","1,069","1,069","1,069","1,069","1,069","1,069","1,069",,"79,627"
Mercedes,C350e, -   , -   , -   , -   , -   , -   , -   , -   , -   , -   , -   , -   , -   , -   , -   , -   , -   , -   , -   , -   , -   , -   , -   , -   , -   , -   , -   , -   , -   , -   , -   , -   , -   , -   , -   , -   , -   , -   , -   , -   , -   , -   , -   , -   , -   , -   , -   , -   , -   , -   , -   , -   , -   , -   , -   , -   , -   , -   , -   ,171,381,432,449,452,459,459,571,783,909,958,974,988,"1,017","1,189","1,397","1,555","1,721","1,897","2,062","2,232","2,314","2,389","2,469","2,709","2,849","2,994","3,129","3,302","3,517","3,752","3,982","4,172","4,302","4,544","4,744","4,881",,"77,105"
Honda,Accord PHV, -   , -   , -   , -   , -   , -   , -   , -   , -   , -   , -   , -   ,2,19,45,100,158,200,254,298,349,420,488,526,553,577,595,632,678,706,747,793,835,869,912,975,"1,003","1,015","1,020","1,025","1,030","1,034","1,035","1,037","1,037","1,037","1,038","1,039","1,039","1,039","1,039","1,039","1,039","1,039","1,039","1,039","1,039","1,039","1,039","1,039","1,039","1,039","1,039","1,039","1,039","1,039","1,039","1,039","1,039","1,039","1,039","1,039","1,039","1,039","1,039","1,039","1,039","1,039","1,039","1,039","1,039","1,039","1,039","1,039","1,039","1,039","1,039","1,039","1,039","1,039","1,039","1,039","1,039","1,039","1,039","1,039",,"73,953"
Kia,Optima PHEV, -   , -   , -   , -   , -   , -   , -   , -   , -   , -   , -   , -   , -   , -   , -   , -   , -   , -   , -   , -   , -   , -   , -   , -   , -   , -   , -   , -   , -   , -   , -   , -   , -   , -   , -   , -   , -   , -   , -   , -   , -   , -   , -   , -   , -   , -   , -   , -   , -   , -   , -   , -   , -   , -   , -   , -   , -   , -   , -   , -   ,10,71,141,227,312,390,520,702,930,"1,165","1,378","1,512","1,598","1,701","1,857","1,999","2,097","2,180","2,270","2,309","2,326","2,377","2,456","2,477","2,507","2,518","2,526","2,531","2,531","2,582","2,617","2,652","2,702","2,738","2,770","2,812",,"64,491"
Volvo,XC60 PHEV, -   , -   , -   , -   , -   , -   , -   , -   , -   , -   , -   , -   , -   , -   , -   , -   , -   , -   , -   , -   , -   , -   , -   , -   , -   , -   , -   , -   , -   , -   , -   , -   , -   , -   , -   , -   , -   , -   , -   , -   , -   , -   , -   , -   , -   , -   , -   , -   , -   , -   , -   , -   , -   , -   , -   , -   , -   , -   , -   , -   , -   , -   , -   , -   , -   , -   ,13,78,175,275,357,531,640,795,962,"1,103","1,317","1,543","1,728","1,938","2,153","2,333","2,558","2,798","2,888","2,988","3,113","3,198","3,293","3,468","3,608","3,713","3,893","3,893","3,893","3,893",,"63,138"
Honda,Clarity BEV, -   , -   , -   , -   , -   , -   , -   , -   , -   , -   , -   , -   , -   , -   , -   , -   , -   , -   , -   , -   , -   , -   , -   , -   , -   , -   , -   , -   , -   , -   , -   , -   , -   , -   , -   , -   , -   , -   , -   , -   , -   , -   , -   , -   , -   , -   , -   , -   , -   , -   , -   , -   , -   , -   , -   , -   , -   , -   , -   , -   , -   , -   , -   , -   , -   , -   ,34,49,101,135,594,"1,121","1,274","1,348","1,396","1,435","1,469","1,555","1,657","1,732","1,840","1,946","1,983","2,069","2,147","2,215","2,307","2,395","2,477","2,529","2,576","2,641","2,676","2,711","2,766","2,811",,"51,989"
Mercedes,S550e, -   , -   , -   , -   , -   , -   , -   , -   , -   , -   , -   , -   , -   , -   , -   , -   , -   , -   , -   , -   , -   , -   , -   , -   , -   , -   , -   , -   , -   , -   , -   , -   , -   , -   , -   , -   , -   , -   , -   , -   , -   , -   ,10,20,37,62,83,118,137,173,185,214,241,268,300,330,371,545,597,668,723,774,834,915,998,"1,079","1,203","1,235","1,270","1,286","1,308","1,334","1,347","1,350","1,361","1,370","1,377","1,384","1,392","1,402","1,410","1,415","1,419","1,430","1,438","1,448","1,470","1,505","1,556","1,616","1,666",169,"1,706","1,759","1,784","1,801",,"51,893"
Mercedes,GLE 550e, -   , -   , -   , -   , -   , -   , -   , -   , -   , -   , -   , -   , -   , -   , -   , -   , -   , -   , -   , -   , -   , -   , -   , -   , -   , -   , -   , -   , -   , -   , -   , -   , -   , -   , -   , -   , -   , -   , -   , -   , -   , -   , -   , -   , -   , -   , -   , -   , -   , -   , -   , -   , -   ,19,49,73,99,118,148,231,283,342,389,425,458,499,526,549,563,571,612,694,738,808,989,"1,082","1,165","1,240","1,325","1,415","1,457","1,485","1,520","1,660","1,752","1,847","1,957","2,107","2,292","2,472","2,642","2,747","2,812","2,991","3,101","3,169",,"51,421"
Hyundai,IONIQ EV, -   , -   , -   , -   , -   , -   , -   , -   , -   , -   , -   , -   , -   , -   , -   , -   , -   , -   , -   , -   , -   , -   , -   , -   , -   , -   , -   , -   , -   , -   , -   , -   , -   , -   , -   , -   , -   , -   , -   , -   , -   , -   , -   , -   , -   , -   , -   , -   , -   , -   , -   , -   , -   , -   , -   , -   , -   , -   , -   , -   , -   , -   ,5,24,99,157,200,266,302,330,353,432,481,484,544,551,583,630,665,686,698,719,753,777,811,843,871,880,941,"1,003","1,058","1,098","1,168","9,629","9,723","9,796",,"47,560"
Mini,Countryman SE PHEV, -   , -   , -   , -   , -   , -   , -   , -   , -   , -   , -   , -   , -   , -   , -   , -   , -   , -   , -   , -   , -   , -   , -   , -   , -   , -   , -   , -   , -   , -   , -   , -   , -   , -   , -   , -   , -   , -   , -   , -   , -   , -   , -   , -   , -   , -   , -   , -   , -   , -   , -   , -   , -   , -   , -   , -   , -   , -   , -   , -   , -   , -   , -   , -   , -   ,10,85,171,251,307,403,475,602,702,776,882,"1,045","1,256","1,466","1,594","1,734","1,851","1,925","2,039","2,089","2,152","2,197","2,234","2,319","2,363","2,403","2,453","2,483","2,508","2,543","2,563",,"45,881"
Hyundai,IONIQ PHEV, -   , -   , -   , -   , -   , -   , -   , -   , -   , -   , -   , -   , -   , -   , -   , -   , -   , -   , -   , -   , -   , -   , -   , -   , -   , -   , -   , -   , -   , -   , -   , -   , -   , -   , -   , -   , -   , -   , -   , -   , -   , -   , -   , -   , -   , -   , -   , -   , -   , -   , -   , -   , -   , -   , -   , -   , -   , -   , -   , -   , -   , -   , -   , -   , -   , -   , -   , -   , -   , -   , -   , -   ,22,200,418,598,815,958,"1,138","1,181","1,192","1,320","1,456","1,590","1,663","1,717","1,811","1,874","1,937","2,089","2,194","2,319","2,454","2,827",343,"3,211",,"35,327"
BMW,740e, -   , -   , -   , -   , -   , -   , -   , -   , -   , -   , -   , -   , -   , -   , -   , -   , -   , -   , -   , -   , -   , -   , -   , -   , -   , -   , -   , -   , -   , -   , -   , -   , -   , -   , -   , -   , -   , -   , -   , -   , -   , -   , -   , -   , -   , -   , -   , -   , -   , -   , -   , -   , -   , -   , -   , -   , -   , -   , -   ,23,41,76,118,241,274,326,406,445,488,543,663,730,748,771,802,862,879,895,935,953,978,"1,023","1,041","1,069","1,075","1,089","1,104","1,112","1,124",113,"1,132",114,"1,145","1,149","1,153","1,156",,"26,796"
Mercedes,GLC 350e, -   , -   , -   , -   , -   , -   , -   , -   , -   , -   , -   , -   , -   , -   , -   , -   , -   , -   , -   , -   , -   , -   , -   , -   , -   , -   , -   , -   , -   , -   , -   , -   , -   , -   , -   , -   , -   , -   , -   , -   , -   , -   , -   , -   , -   , -   , -   , -   , -   , -   , -   , -   , -   , -   , -   , -   , -   , -   , -   , -   , -   , -   , -   , -   , -   , -   , -   , -   , -   , -   , -   , -   , -   ,5,62,121,185,251,311,376,403,423,447,567,641,713,888,"1,108","1,372","1,642","1,907","2,137","2,317","2,595","2,837","3,026",,"24,334"
Audi,e-tron, -   , -   , -   , -   , -   , -   , -   , -   , -   , -   , -   , -   , -   , -   , -   , -   , -   , -   , -   , -   , -   , -   , -   , -   , -   , -   , -   , -   , -   , -   , -   , -   , -   , -   , -   , -   , -   , -   , -   , -   , -   , -   , -   , -   , -   , -   , -   , -   , -   , -   , -   , -   , -   , -   , -   , -   , -   , -   , -   , -   , -   , -   , -   , -   , -   , -   , -   , -   , -   , -   , -   , -   , -   , -   , -   , -   , -   , -   , -   , -   , -   , -   , -   , -   , -   , -   , -   ,253,"1,109","1,835","2,513","3,106",354,"4,002","4,623","5,369",,"23,164"
Jaguar,I-Pace, -   , -   , -   , -   , -   , -   , -   , -   , -   , -   , -   , -   , -   , -   , -   , -   , -   , -   , -   , -   , -   , -   , -   , -   , -   , -   , -   , -   , -   , -   , -   , -   , -   , -   , -   , -   , -   , -   , -   , -   , -   , -   , -   , -   , -   , -   , -   , -   , -   , -   , -   , -   , -   , -   , -   , -   , -   , -   , -   , -   , -   , -   , -   , -   , -   , -   , -   , -   , -   , -   , -   , -   , -   , -   , -   , -   , -   , -   , -   , -   , -   ,5,170,393,603,789,"1,001","1,238","1,466","1,702","1,915","2,075","2,235","2,541","2,811","2,987",,"21,931"
Volvo,S90 T8 PHEV, -   , -   , -   , -   , -   , -   , -   , -   , -   , -   , -   , -   , -   , -   , -   , -   , -   , -   , -   , -   , -   , -   , -   , -   , -   , -   , -   , -   , -   , -   , -   , -   , -   , -   , -   , -   , -   , -   , -   , -   , -   , -   , -   , -   , -   , -   , -   , -   , -   , -   , -   , -   , -   , -   , -   , -   , -   , -   , -   , -   , -   , -   , -   , -   , -   , -   , -   , -   ,5,33,65,117,144,173,225,254,284,319,349,389,434,469,509,554,589,634,689,724,774,814,859,914,974,988,"1,001","1,010",,"14,293"
Porsche,918 Spyder, -   , -   , -   , -   , -   , -   , -   , -   , -   , -   , -   , -   , -   , -   , -   , -   , -   , -   , -   , -   , -   , -   , -   , -   , -   , -   , -   , -   , -   , -   , -   , -   , -   , -   , -   , -   ,34,48,58,86,106,135,175,197,201,201,203,203,203,203,203,203,203,203,203,203,203,203,203,203,203,203,203,203,203,203,203,203,203,203,203,203,203,203,203,203,203,203,203,203,203,203,203,203,203,203,203,203,203,203,203,203,203,203,203,203,,"11,391"
Cadillac,CT6 PHEV, -   , -   , -   , -   , -   , -   , -   , -   , -   , -   , -   , -   , -   , -   , -   , -   , -   , -   , -   , -   , -   , -   , -   , -   , -   , -   , -   , -   , -   , -   , -   , -   , -   , -   , -   , -   , -   , -   , -   , -   , -   , -   , -   , -   , -   , -   , -   , -   , -   , -   , -   , -   , -   , -   , -   , -   , -   , -   , -   , -   , -   , -   , -   ,8,24,44,66,89,116,143,172,207,213,237,254,296,326,344,370,393,404,416,429,438,446,447,450,452,452,454,456,458,461,461,461,461,,"10,448"
Hyundai,Kona Electric, -   , -   , -   , -   , -   , -   , -   , -   , -   , -   , -   , -   , -   , -   , -   , -   , -   , -   , -   , -   , -   , -   , -   , -   , -   , -   , -   , -   , -   , -   , -   , -   , -   , -   , -   , -   , -   , -   , -   , -   , -   , -   , -   , -   , -   , -   , -   , -   , -   , -   , -   , -   , -   , -   , -   , -   , -   , -   , -   , -   , -   , -   , -   , -   , -   , -   , -   , -   , -   , -   , -   , -   , -   , -   , -   , -   , -   , -   , -   , -   , -   , -   , -   , -   , -   ,16,143,220,311,427,577,707,897,"1,068","1,254","1,461",,"7,081"
Subaru,Crosstrek Hybrid, -   , -   , -   , -   , -   , -   , -   , -   , -   , -   , -   , -   , -   , -   , -   , -   , -   , -   , -   , -   , -   , -   , -   , -   , -   , -   , -   , -   , -   , -   , -   , -   , -   , -   , -   , -   , -   , -   , -   , -   , -   , -   , -   , -   , -   , -   , -   , -   , -   , -   , -   , -   , -   , -   , -   , -   , -   , -   , -   , -   , -   , -   , -   , -   , -   , -   , -   , -   , -   , -   , -   , -   , -   , -   , -   , -   , -   , -   , -   , -   , -   , -   , -   , -   , -   ,27,79,126,191,261,376,466,586,721,842,970,,"4,645"
Kia,Niro EV, -   , -   , -   , -   , -   , -   , -   , -   , -   , -   , -   , -   , -   , -   , -   , -   , -   , -   , -   , -   , -   , -   , -   , -   , -   , -   , -   , -   , -   , -   , -   , -   , -   , -   , -   , -   , -   , -   , -   , -   , -   , -   , -   , -   , -   , -   , -   , -   , -   , -   , -   , -   , -   , -   , -   , -   , -   , -   , -   , -   , -   , -   , -   , -   , -   , -   , -   , -   , -   , -   , -   , -   , -   , -   , -   , -   , -   , -   , -   , -   , -   , -   , -   , -   , -   , -   , -   ,40,159,208,288,343,433,622,880,"1,166",,"4,139"
Other,Other, -   , -   , -   , -   , -   , -   , -   , -   , -   , -   , -   , -   , -   , -   , -   , -   , -   , -   , -   , -   , -   , -   , -   , -   , -   , -   , -   , -   , -   , -   , -   , -   , -   , -   , -   , -   ,17,19,24,28,32,32,32,32,32,34,34,34,34,34,35,35,35,35,35,35,35,35,35,35,35,35,35,35,35,35,35,35,35,35,35,35,35,35,35,35,35,35,35,35,35,35,35,35,35,35,35,35,35,35,35,35,35,35,35,35,,"2,028"
Porsche,Taycan, -   , -   , -   , -   , -   , -   , -   , -   , -   , -   , -   , -   , -   , -   , -   , -   , -   , -   , -   , -   , -   , -   , -   , -   , -   , -   , -   , -   , -   , -   , -   , -   , -   , -   , -   , -   , -   , -   , -   , -   , -   , -   , -   , -   , -   , -   , -   , -   , -   , -   , -   , -   , -   , -   , -   , -   , -   , -   , -   , -   , -   , -   , -   , -   , -   , -   , -   , -   , -   , -   , -   , -   , -   , -   , -   , -   , -   , -   , -   , -   , -   , -   , -   , -   , -   , -   , -   , -   , -   , -   , -   , -   , -   , -   , -   ,130,,130
